timestamp,BWB_2_HeatMeter_ReturnTemperature_C,BWB_2_HeatMeter_Power_Watt,BWB_2_HeatMeter_VolumeFlow_m3_per_hour,BWB_2_HeatMeter_FlowTemperature_Ce,BWB_2_HeatMeter_TemperatureDifference_K
13-Apr-19 2:15:00 AM CEST,50.00,253400.00,4.43,100.00,49.70
13-Apr-19 2:30:00 AM CEST,50.00,257900.00,4.47,100.00,50.20
13-Apr-19 2:45:00 AM CEST,49.00,260200.00,4.38,101.00,51.60
13-Apr-19 3:00:00 AM CEST,49.00,262100.00,4.36,101.00,52.30
13-Apr-19 3:15:00 AM CEST,49.00,266700.00,4.43,102.00,52.30
13-Apr-19 3:30:00 AM CEST,49.00,266700.00,4.43,102.00,52.30
13-Apr-19 3:45:00 AM CEST,49.00,266700.00,4.43,102.00,52.30
13-Apr-19 4:00:00 AM CEST,49.00,265000.00,4.40,102.00,52.30
13-Apr-19 4:15:00 AM CEST,49.00,261300.00,4.34,102.00,52.40
13-Apr-19 4:30:00 AM CEST,49.00,261300.00,4.34,102.00,52.40
13-Apr-19 4:45:00 AM CEST,50.00,250600.00,4.23,102.00,51.40
13-Apr-19 5:00:00 AM CEST,49.00,271000.00,4.46,102.00,52.80
13-Apr-19 5:15:00 AM CEST,49.00,271000.00,4.46,102.00,52.80
13-Apr-19 5:30:00 AM CEST,49.00,263300.00,4.33,102.00,52.90
13-Apr-19 5:45:00 AM CEST,49.00,272300.00,4.48,102.00,52.80
13-Apr-19 6:00:00 AM CEST,49.00,266500.00,4.39,102.00,52.80
13-Apr-19 6:15:00 AM CEST,49.00,266500.00,4.39,102.00,52.80
13-Apr-19 6:30:00 AM CEST,50.00,296000.00,4.93,102.00,52.20
13-Apr-19 6:45:00 AM CEST,50.00,296000.00,4.93,102.00,52.20
13-Apr-19 7:00:00 AM CEST,50.00,296000.00,4.93,102.00,52.20
13-Apr-19 7:15:00 AM CEST,50.00,261600.00,4.49,101.00,50.70
13-Apr-19 7:30:00 AM CEST,50.00,261600.00,4.49,101.00,50.70
13-Apr-19 7:45:00 AM CEST,50.00,261600.00,4.49,101.00,50.70
13-Apr-19 8:00:00 AM CEST,50.00,261600.00,4.49,101.00,50.70
13-Apr-19 8:15:00 AM CEST,50.00,261600.00,4.49,101.00,50.70
13-Apr-19 8:30:00 AM CEST,50.00,261600.00,4.49,101.00,50.70
13-Apr-19 8:45:00 AM CEST,50.00,261600.00,4.49,101.00,50.70
13-Apr-19 9:00:00 AM CEST,49.00,275600.00,5.10,96.00,47.00
13-Apr-19 9:15:00 AM CEST,49.00,275600.00,5.10,96.00,47.00
13-Apr-19 9:30:00 AM CEST,49.00,275600.00,5.10,96.00,47.00
13-Apr-19 9:45:00 AM CEST,51.00,262700.00,5.15,96.00,44.40
13-Apr-19 10:00:00 AM CEST,51.00,275200.00,5.31,96.00,45.10
13-Apr-19 10:15:00 AM CEST,51.00,275200.00,5.31,96.00,45.10
13-Apr-19 10:30:00 AM CEST,51.00,247900.00,5.02,94.00,42.90
13-Apr-19 10:45:00 AM CEST,50.00,264000.00,5.28,94.00,43.50
13-Apr-19 11:00:00 AM CEST,50.00,248100.00,4.90,94.00,44.00
13-Apr-19 11:15:00 AM CEST,50.00,248100.00,4.90,94.00,44.00
13-Apr-19 11:30:00 AM CEST,50.00,248100.00,4.90,94.00,44.00
13-Apr-19 11:45:00 AM CEST,50.00,248100.00,4.90,94.00,44.00
13-Apr-19 12:00:00 PM CEST,50.00,248100.00,4.90,94.00,44.00
13-Apr-19 12:15:00 PM CEST,50.00,248100.00,4.90,94.00,44.00
13-Apr-19 12:30:00 PM CEST,50.00,248100.00,4.90,94.00,44.00
13-Apr-19 12:45:00 PM CEST,50.00,248100.00,4.90,94.00,44.00
13-Apr-19 1:00:00 PM CEST,50.00,248100.00,4.90,94.00,44.00
13-Apr-19 1:15:00 PM CEST,50.00,221300.00,4.10,97.00,47.00
13-Apr-19 1:30:00 PM CEST,50.00,221300.00,4.10,97.00,47.00
13-Apr-19 1:45:00 PM CEST,50.00,221300.00,4.10,97.00,47.00
13-Apr-19 2:00:00 PM CEST,49.00,318400.00,5.56,98.00,49.80
13-Apr-19 2:15:00 PM CEST,49.00,318400.00,5.56,98.00,49.80
13-Apr-19 2:30:00 PM CEST,49.00,318400.00,5.56,98.00,49.80
13-Apr-19 2:45:00 PM CEST,49.00,318400.00,5.56,98.00,49.80
13-Apr-19 3:00:00 PM CEST,49.00,318400.00,5.56,98.00,49.80
13-Apr-19 3:15:00 PM CEST,49.00,318400.00,5.56,98.00,49.80
13-Apr-19 3:30:00 PM CEST,49.00,318400.00,5.56,98.00,49.80
13-Apr-19 3:45:00 PM CEST,0.00,0.00,0.00,0.00,67196.31
13-Apr-19 4:00:00 PM CEST,59.00,208200.00,4.82,97.00,37.70
13-Apr-19 4:15:00 PM CEST,55.00,240200.00,5.06,97.00,41.40
13-Apr-19 4:30:00 PM CEST,48.00,211900.00,3.78,97.00,48.70
13-Apr-19 4:45:00 PM CEST,59.00,168300.00,3.70,98.00,39.60
13-Apr-19 5:00:00 PM CEST,59.00,205100.00,4.66,98.00,38.40
13-Apr-19 5:15:00 PM CEST,55.00,344400.00,7.01,97.00,42.80
13-Apr-19 5:30:00 PM CEST,56.00,126600.00,2.66,97.00,41.50
13-Apr-19 5:45:00 PM CEST,57.00,288600.00,6.18,97.00,40.70
13-Apr-19 6:00:00 PM CEST,57.00,4800.00,0.10,98.00,40.80
13-Apr-19 6:15:00 PM CEST,55.00,147700.00,2.96,99.00,43.40
13-Apr-19 6:30:00 PM CEST,56.00,418900.00,8.36,99.00,43.70
13-Apr-19 6:45:00 PM CEST,59.00,160600.00,3.42,99.00,41.00
13-Apr-19 7:00:00 PM CEST,0.00,0.00,0.00,0.00,0.00
13-Apr-19 7:15:00 PM CEST,54.00,48900.00,0.93,100.00,45.90
13-Apr-19 7:30:00 PM CEST,56.00,345500.00,6.94,100.00,43.40
13-Apr-19 7:45:00 PM CEST,54.00,406300.00,7.74,100.00,45.70
13-Apr-19 8:00:00 PM CEST,55.00,258600.00,5.01,100.00,44.90
13-Apr-19 8:15:00 PM CEST,57.00,215600.00,4.39,100.00,42.80
13-Apr-19 8:30:00 PM CEST,54.00,353200.00,6.73,100.00,45.70
13-Apr-19 8:45:00 PM CEST,55.00,371100.00,7.14,100.00,45.20
13-Apr-19 9:00:00 PM CEST,54.00,349000.00,6.65,100.00,45.70
13-Apr-19 9:15:00 PM CEST,55.00,394200.00,7.62,100.00,45.10
13-Apr-19 9:30:00 PM CEST,59.00,134700.00,2.89,100.00,40.70
13-Apr-19 9:45:00 PM CEST,50.00,206100.00,3.58,100.00,50.10
13-Apr-19 10:00:00 PM CEST,50.00,280400.00,4.96,100.00,49.10
13-Apr-19 10:15:00 PM CEST,49.00,208700.00,3.58,100.00,50.70
13-Apr-19 10:30:00 PM CEST,50.00,293500.00,5.12,100.00,49.80
13-Apr-19 10:45:00 PM CEST,50.00,293500.00,5.12,100.00,49.80
13-Apr-19 11:00:00 PM CEST,50.00,293500.00,5.12,100.00,49.80
13-Apr-19 11:15:00 PM CEST,50.00,293500.00,5.12,100.00,49.80
13-Apr-19 11:30:00 PM CEST,50.00,293500.00,5.12,100.00,49.80
13-Apr-19 11:45:00 PM CEST,0.00,0.00,0.00,0.00,0.00
14-Apr-19 12:00:00 AM CEST,50.00,279600.00,4.92,99.00,49.40
14-Apr-19 12:15:00 AM CEST,51.00,264700.00,4.80,99.00,48.00
14-Apr-19 12:30:00 AM CEST,50.00,264500.00,4.68,99.00,49.10
14-Apr-19 12:45:00 AM CEST,50.00,263800.00,4.58,100.00,50.00
14-Apr-19 1:00:00 AM CEST,49.00,262200.00,4.46,100.00,51.00
14-Apr-19 1:15:00 AM CEST,49.00,255400.00,4.36,100.00,50.90
14-Apr-19 1:30:00 AM CEST,49.00,259100.00,4.41,100.00,51.00
14-Apr-19 1:45:00 AM CEST,49.00,261800.00,4.42,100.00,51.40
14-Apr-19 2:00:00 AM CEST,49.00,252700.00,4.49,98.00,48.90
14-Apr-19 2:15:00 AM CEST,49.00,256900.00,4.49,98.00,49.70
14-Apr-19 2:30:00 AM CEST,48.00,331300.00,5.58,99.00,51.60
14-Apr-19 2:45:00 AM CEST,50.00,250300.00,4.35,100.00,50.00
14-Apr-19 3:00:00 AM CEST,49.00,254000.00,4.39,99.00,50.30
14-Apr-19 3:15:00 AM CEST,49.00,253600.00,4.42,98.00,49.90
14-Apr-19 3:30:00 AM CEST,49.00,254100.00,4.45,98.00,49.60
14-Apr-19 3:45:00 AM CEST,49.00,256500.00,4.50,98.00,49.60
14-Apr-19 4:00:00 AM CEST,49.00,253800.00,4.46,98.00,49.40
14-Apr-19 4:15:00 AM CEST,49.00,253000.00,4.45,98.00,49.40
14-Apr-19 4:30:00 AM CEST,49.00,252600.00,4.38,99.00,50.00
14-Apr-19 4:45:00 AM CEST,48.00,253700.00,4.34,99.00,50.70
14-Apr-19 5:00:00 AM CEST,50.00,237200.00,4.18,99.00,49.40
14-Apr-19 5:15:00 AM CEST,49.00,262000.00,4.58,99.00,49.80
14-Apr-19 5:30:00 AM CEST,49.00,264000.00,4.53,99.00,50.60
14-Apr-19 5:45:00 AM CEST,49.00,272700.00,4.67,99.00,50.70
14-Apr-19 6:00:00 AM CEST,49.00,271900.00,4.67,99.00,50.60
14-Apr-19 6:15:00 AM CEST,49.00,269100.00,4.62,99.00,50.60
14-Apr-19 6:30:00 AM CEST,49.00,275900.00,4.75,99.00,50.50
14-Apr-19 6:45:00 AM CEST,49.00,269200.00,4.74,98.00,49.40
14-Apr-19 7:00:00 AM CEST,51.00,259700.00,4.76,98.00,47.50
14-Apr-19 7:15:00 AM CEST,50.00,275100.00,4.94,98.00,48.40
14-Apr-19 7:30:00 AM CEST,49.00,276400.00,4.95,98.00,48.50
14-Apr-19 7:45:00 AM CEST,49.00,269100.00,4.81,98.00,48.60
14-Apr-19 8:00:00 AM CEST,49.00,296100.00,5.32,97.00,48.40
14-Apr-19 8:15:00 AM CEST,50.00,267500.00,4.89,97.00,47.60
14-Apr-19 8:30:00 AM CEST,50.00,272400.00,4.94,97.00,47.90
14-Apr-19 8:45:00 AM CEST,49.00,273600.00,5.00,97.00,47.60
14-Apr-19 9:00:00 AM CEST,49.00,276600.00,5.01,97.00,47.90
14-Apr-19 9:15:00 AM CEST,48.00,360700.00,6.27,98.00,49.90
14-Apr-19 9:30:00 AM CEST,50.00,285200.00,4.94,100.00,50.20
14-Apr-19 9:45:00 AM CEST,49.00,270000.00,4.59,100.00,51.20
14-Apr-19 10:00:00 AM CEST,49.00,271400.00,4.61,100.00,51.20
14-Apr-19 10:15:00 AM CEST,49.00,293300.00,5.02,100.00,50.80
14-Apr-19 10:30:00 AM CEST,50.00,290500.00,5.03,100.00,50.20
14-Apr-19 10:45:00 AM CEST,50.00,268900.00,4.66,100.00,50.20
14-Apr-19 11:00:00 AM CEST,49.00,286800.00,4.94,100.00,50.40
14-Apr-19 11:15:00 AM CEST,50.00,264300.00,4.59,100.00,50.10
14-Apr-19 11:30:00 AM CEST,49.00,270800.00,4.68,100.00,50.30
14-Apr-19 11:45:00 AM CEST,51.00,264800.00,4.73,100.00,48.70
14-Apr-19 12:00:00 PM CEST,51.00,259100.00,4.58,100.00,49.20
14-Apr-19 12:15:00 PM CEST,49.00,256100.00,4.39,100.00,50.70
14-Apr-19 12:30:00 PM CEST,49.00,252500.00,4.32,100.00,50.90
14-Apr-19 12:45:00 PM CEST,49.00,250300.00,4.26,100.00,51.00
14-Apr-19 1:00:00 PM CEST,49.00,253800.00,4.29,101.00,51.40
14-Apr-19 1:15:00 PM CEST,49.00,272600.00,4.57,101.00,51.90
14-Apr-19 1:30:00 PM CEST,50.00,2300.00,0.04,101.00,51.40
14-Apr-19 1:45:00 PM CEST,49.00,258800.00,4.49,99.00,50.10
14-Apr-19 2:00:00 PM CEST,47.00,333000.00,5.48,100.00,52.70
14-Apr-19 2:15:00 PM CEST,50.00,240000.00,4.17,101.00,50.10
14-Apr-19 2:30:00 PM CEST,50.00,226700.00,3.90,100.00,50.50
14-Apr-19 2:45:00 PM CEST,49.00,239000.00,4.27,98.00,48.70
14-Apr-19 3:00:00 PM CEST,49.00,231300.00,4.21,97.00,47.80
14-Apr-19 3:15:00 PM CEST,50.00,243000.00,4.46,97.00,47.40
14-Apr-19 3:30:00 PM CEST,50.00,242600.00,4.47,97.00,47.20
14-Apr-19 3:45:00 PM CEST,51.00,149600.00,2.90,96.00,44.90
14-Apr-19 4:00:00 PM CEST,51.00,138300.00,2.69,96.00,44.80
14-Apr-19 4:15:00 PM CEST,51.00,129100.00,2.50,96.00,45.00
14-Apr-19 4:30:00 PM CEST,51.00,244800.00,4.76,96.00,44.80
14-Apr-19 4:45:00 PM CEST,51.00,131100.00,2.61,95.00,43.70
14-Apr-19 5:00:00 PM CEST,51.00,137700.00,2.75,95.00,43.60
14-Apr-19 5:15:00 PM CEST,50.00,183000.00,3.51,95.00,45.30
14-Apr-19 5:30:00 PM CEST,52.00,299800.00,5.99,95.00,43.60
14-Apr-19 5:45:00 PM CEST,51.00,92600.00,1.83,95.00,43.90
14-Apr-19 6:00:00 PM CEST,52.00,265600.00,5.30,95.00,43.60
14-Apr-19 6:15:00 PM CEST,52.00,155100.00,3.06,96.00,44.10
14-Apr-19 6:30:00 PM CEST,52.00,168600.00,3.25,97.00,45.10
14-Apr-19 6:45:00 PM CEST,48.00,265800.00,4.67,98.00,49.40
14-Apr-19 7:00:00 PM CEST,53.00,204400.00,3.95,98.00,45.00
14-Apr-19 7:15:00 PM CEST,56.00,418100.00,8.60,98.00,42.30
14-Apr-19 7:30:00 PM CEST,55.00,5300.00,0.11,98.00,42.90
14-Apr-19 7:45:00 PM CEST,58.00,348100.00,7.49,99.00,40.50
14-Apr-19 8:00:00 PM CEST,57.00,209600.00,4.42,99.00,41.30
14-Apr-19 8:15:00 PM CEST,57.00,308300.00,6.52,98.00,41.20
14-Apr-19 8:30:00 PM CEST,56.00,28800.00,0.60,98.00,41.70
14-Apr-19 8:45:00 PM CEST,56.00,467100.00,9.39,99.00,43.40
14-Apr-19 9:00:00 PM CEST,51.00,211000.00,3.80,99.00,48.30
14-Apr-19 9:15:00 PM CEST,55.00,5700.00,0.11,98.00,43.80
14-Apr-19 9:30:00 PM CEST,55.00,148500.00,2.96,98.00,43.70
14-Apr-19 9:45:00 PM CEST,56.00,272700.00,5.61,98.00,42.40
14-Apr-19 10:00:00 PM CEST,57.00,10600.00,0.22,100.00,42.90
14-Apr-19 10:15:00 PM CEST,55.00,264900.00,5.28,98.00,43.70
14-Apr-19 10:30:00 PM CEST,56.00,362500.00,7.58,98.00,41.70
14-Apr-19 10:45:00 PM CEST,55.00,65900.00,1.34,98.00,43.00
14-Apr-19 11:00:00 PM CEST,55.00,331100.00,6.71,98.00,43.00
14-Apr-19 11:15:00 PM CEST,55.00,23400.00,0.48,97.00,42.70
14-Apr-19 11:30:00 PM CEST,47.00,294100.00,5.09,97.00,50.20
14-Apr-19 11:45:00 PM CEST,56.00,235600.00,5.07,97.00,40.50
15-Apr-19 12:00:00 AM CEST,52.00,441300.00,8.52,97.00,45.10
15-Apr-19 12:15:00 AM CEST,56.00,275100.00,5.76,98.00,41.70
15-Apr-19 12:30:00 AM CEST,58.00,80800.00,1.74,98.00,40.50
15-Apr-19 12:45:00 AM CEST,55.00,223100.00,4.55,98.00,42.70
15-Apr-19 1:00:00 AM CEST,57.00,298200.00,6.51,97.00,39.90
15-Apr-19 1:15:00 AM CEST,54.00,38200.00,0.77,98.00,43.40
15-Apr-19 1:30:00 AM CEST,53.00,103100.00,2.00,98.00,44.90
15-Apr-19 1:45:00 AM CEST,54.00,403300.00,7.98,98.00,44.00
15-Apr-19 2:00:00 AM CEST,52.00,377200.00,7.09,98.00,46.30
15-Apr-19 2:15:00 AM CEST,49.00,234600.00,4.28,97.00,47.70
15-Apr-19 2:30:00 AM CEST,55.00,275100.00,5.81,96.00,41.20
15-Apr-19 2:45:00 AM CEST,54.00,454900.00,9.17,97.00,43.20
15-Apr-19 3:00:00 AM CEST,56.00,178800.00,3.76,97.00,41.40
15-Apr-19 3:15:00 AM CEST,52.00,317200.00,6.10,97.00,45.30
15-Apr-19 3:30:00 AM CEST,55.00,244300.00,5.07,97.00,42.00
15-Apr-19 3:45:00 AM CEST,53.00,71500.00,1.41,97.00,44.30
15-Apr-19 4:00:00 AM CEST,51.00,377600.00,7.15,97.00,45.90
15-Apr-19 4:15:00 AM CEST,53.00,429600.00,8.54,97.00,43.80
15-Apr-19 4:30:00 AM CEST,46.00,389700.00,6.68,97.00,50.60
15-Apr-19 4:45:00 AM CEST,49.00,291400.00,5.32,97.00,47.70
15-Apr-19 5:00:00 AM CEST,48.00,394400.00,7.08,97.00,48.40
15-Apr-19 5:15:00 AM CEST,50.00,365400.00,6.86,96.00,46.30
15-Apr-19 5:30:00 AM CEST,51.00,349100.00,6.65,96.00,45.70
15-Apr-19 5:45:00 AM CEST,51.00,322700.00,6.24,96.00,45.00
15-Apr-19 6:00:00 AM CEST,52.00,339400.00,6.80,95.00,43.40
15-Apr-19 6:15:00 AM CEST,51.00,329700.00,6.51,96.00,44.10
15-Apr-19 6:30:00 AM CEST,51.00,355600.00,6.89,96.00,44.90
15-Apr-19 6:45:00 AM CEST,52.00,382400.00,7.60,95.00,43.80
15-Apr-19 7:00:00 AM CEST,53.00,477900.00,10.03,94.00,41.50
15-Apr-19 7:15:00 AM CEST,52.00,452000.00,9.33,95.00,42.20
15-Apr-19 7:30:00 AM CEST,53.00,415400.00,8.73,94.00,41.40
15-Apr-19 7:45:00 AM CEST,53.00,385400.00,7.45,98.00,45.00
15-Apr-19 8:00:00 AM CEST,52.00,388800.00,7.37,98.00,45.90
15-Apr-19 8:15:00 AM CEST,52.00,383400.00,7.47,97.00,44.70
15-Apr-19 8:30:00 AM CEST,53.00,398500.00,8.04,97.00,43.10
15-Apr-19 8:45:00 AM CEST,53.00,388900.00,7.70,97.00,44.00
15-Apr-19 9:00:00 AM CEST,53.00,437800.00,8.75,97.00,43.60
15-Apr-19 9:15:00 AM CEST,53.00,352100.00,6.98,97.00,43.90
15-Apr-19 9:30:00 AM CEST,52.00,303600.00,5.96,97.00,44.30
15-Apr-19 9:45:00 AM CEST,52.00,335700.00,6.51,97.00,44.90
15-Apr-19 10:00:00 AM CEST,51.00,334000.00,6.41,97.00,45.30
15-Apr-19 10:15:00 AM CEST,52.00,327200.00,6.27,97.00,45.40
15-Apr-19 10:30:00 AM CEST,52.00,278700.00,5.31,97.00,45.70
15-Apr-19 10:45:00 AM CEST,52.00,278200.00,5.27,98.00,45.90
15-Apr-19 11:00:00 AM CEST,51.00,274000.00,5.06,98.00,47.10
15-Apr-19 11:15:00 AM CEST,52.00,336400.00,6.25,99.00,46.80
15-Apr-19 11:30:00 AM CEST,52.00,246000.00,4.57,99.00,46.80
15-Apr-19 11:45:00 AM CEST,51.00,257400.00,4.69,99.00,47.70
15-Apr-19 12:00:00 PM CEST,51.00,252900.00,4.63,99.00,47.50
15-Apr-19 12:15:00 PM CEST,52.00,202000.00,3.71,99.00,47.30
15-Apr-19 12:30:00 PM CEST,51.00,245300.00,4.44,99.00,48.10
15-Apr-19 12:45:00 PM CEST,51.00,232600.00,4.47,97.00,45.30
15-Apr-19 1:00:00 PM CEST,51.00,227400.00,4.39,97.00,45.10
15-Apr-19 1:15:00 PM CEST,51.00,238300.00,4.46,97.00,46.50
15-Apr-19 1:30:00 PM CEST,51.00,230600.00,4.20,98.00,47.80
15-Apr-19 1:45:00 PM CEST,52.00,292000.00,5.44,99.00,46.70
15-Apr-19 2:00:00 PM CEST,52.00,226300.00,4.35,97.00,45.30
15-Apr-19 2:15:00 PM CEST,52.00,211500.00,4.00,98.00,46.00
15-Apr-19 2:30:00 PM CEST,51.00,250600.00,4.58,98.00,47.60
15-Apr-19 2:45:00 PM CEST,52.00,211900.00,3.95,99.00,46.60
15-Apr-19 3:00:00 PM CEST,51.00,219700.00,4.01,99.00,47.70
15-Apr-19 3:15:00 PM CEST,53.00,258500.00,5.27,96.00,42.70
15-Apr-19 3:30:00 PM CEST,62.00,243500.00,6.23,96.00,34.10
15-Apr-19 3:45:00 PM CEST,66.00,96400.00,2.91,95.00,29.00
15-Apr-19 4:00:00 PM CEST,56.00,125700.00,2.82,95.00,38.90
15-Apr-19 4:15:00 PM CEST,60.00,22200.00,0.57,95.00,34.10
15-Apr-19 4:30:00 PM CEST,59.00,84600.00,2.12,94.00,34.80
15-Apr-19 4:45:00 PM CEST,59.00,191800.00,4.84,94.00,34.60
15-Apr-19 5:00:00 PM CEST,61.00,125700.00,3.33,94.00,33.00
15-Apr-19 5:15:00 PM CEST,59.00,4000.00,0.10,94.00,35.00
15-Apr-19 5:30:00 PM CEST,62.00,45500.00,1.23,95.00,32.40
15-Apr-19 5:45:00 PM CEST,60.00,149800.00,3.81,94.00,34.30
15-Apr-19 6:00:00 PM CEST,59.00,16300.00,0.41,94.00,34.70
15-Apr-19 6:15:00 PM CEST,59.00,3800.00,0.09,94.00,35.20
15-Apr-19 6:30:00 PM CEST,57.00,68200.00,1.60,95.00,37.20
15-Apr-19 6:45:00 PM CEST,58.00,35800.00,0.85,95.00,36.80
15-Apr-19 7:00:00 PM CEST,57.00,200400.00,4.59,95.00,38.10
15-Apr-19 7:15:00 PM CEST,58.00,205100.00,4.78,96.00,37.50
15-Apr-19 7:30:00 PM CEST,58.00,179900.00,4.11,96.00,38.20
15-Apr-19 7:45:00 PM CEST,61.00,94100.00,2.33,96.00,35.40
15-Apr-19 8:00:00 PM CEST,61.00,140500.00,3.42,97.00,35.90
15-Apr-19 8:15:00 PM CEST,59.00,167200.00,3.78,98.00,38.60
15-Apr-19 8:30:00 PM CEST,65.00,177800.00,4.79,98.00,32.50
15-Apr-19 8:45:00 PM CEST,59.00,66100.00,1.49,98.00,38.80
15-Apr-19 9:00:00 PM CEST,61.00,4300.00,0.10,98.00,36.40
15-Apr-19 9:15:00 PM CEST,60.00,19800.00,0.47,97.00,37.10
15-Apr-19 9:30:00 PM CEST,53.00,325300.00,6.37,97.00,44.50
15-Apr-19 9:45:00 PM CEST,49.00,25300.00,0.46,98.00,48.20
15-Apr-19 10:00:00 PM CEST,57.00,284300.00,6.11,97.00,40.60
15-Apr-19 10:15:00 PM CEST,51.00,304600.00,5.59,99.00,47.40
15-Apr-19 10:30:00 PM CEST,59.00,39600.00,0.87,99.00,39.80
15-Apr-19 10:45:00 PM CEST,55.00,132100.00,2.65,98.00,43.40
15-Apr-19 11:00:00 PM CEST,55.00,377900.00,7.79,98.00,42.30
15-Apr-19 11:15:00 PM CEST,54.00,39200.00,0.79,97.00,43.10
15-Apr-19 11:30:00 PM CEST,56.00,138600.00,2.89,98.00,41.80
15-Apr-19 11:45:00 PM CEST,55.00,340300.00,7.01,98.00,42.30
16-Apr-19 12:00:00 AM CEST,57.00,209300.00,4.54,97.00,40.20
16-Apr-19 12:15:00 AM CEST,53.00,453900.00,8.98,97.00,44.00
16-Apr-19 12:30:00 AM CEST,56.00,172900.00,3.82,96.00,39.50
16-Apr-19 12:45:00 AM CEST,56.00,256100.00,5.75,95.00,38.80
16-Apr-19 1:00:00 AM CEST,54.00,69800.00,1.51,95.00,40.30
16-Apr-19 1:15:00 AM CEST,51.00,235600.00,4.62,95.00,44.40
16-Apr-19 1:30:00 AM CEST,50.00,222600.00,4.22,95.00,45.80
16-Apr-19 1:45:00 AM CEST,49.00,231600.00,4.29,95.00,46.90
16-Apr-19 2:00:00 AM CEST,48.00,234900.00,4.29,96.00,47.60
16-Apr-19 2:15:00 AM CEST,48.00,239100.00,4.33,96.00,47.90
16-Apr-19 2:30:00 AM CEST,48.00,236300.00,4.25,97.00,48.30
16-Apr-19 2:45:00 AM CEST,49.00,234300.00,4.23,97.00,48.10
16-Apr-19 3:00:00 AM CEST,48.00,234900.00,4.31,96.00,47.30
16-Apr-19 3:15:00 AM CEST,48.00,230000.00,4.29,95.00,46.60
16-Apr-19 3:30:00 AM CEST,48.00,235400.00,4.43,95.00,46.20
16-Apr-19 3:45:00 AM CEST,50.00,237500.00,4.57,95.00,45.20
16-Apr-19 4:00:00 AM CEST,49.00,238800.00,4.47,96.00,46.40
16-Apr-19 4:15:00 AM CEST,49.00,247300.00,4.56,96.00,47.20
16-Apr-19 4:30:00 AM CEST,49.00,249200.00,4.59,96.00,47.10
16-Apr-19 4:45:00 AM CEST,49.00,253500.00,4.58,97.00,48.10
16-Apr-19 5:00:00 AM CEST,49.00,250300.00,4.54,97.00,47.90
16-Apr-19 5:15:00 AM CEST,49.00,251800.00,4.58,97.00,47.70
16-Apr-19 5:30:00 AM CEST,49.00,323500.00,5.90,97.00,47.70
16-Apr-19 5:45:00 AM CEST,49.00,306700.00,5.63,97.00,47.40
16-Apr-19 6:00:00 AM CEST,53.00,425400.00,8.38,97.00,44.20
16-Apr-19 6:15:00 AM CEST,52.00,313400.00,6.11,97.00,44.60
16-Apr-19 6:30:00 AM CEST,52.00,323900.00,6.41,96.00,44.00
16-Apr-19 6:45:00 AM CEST,52.00,356800.00,7.16,96.00,43.40
16-Apr-19 7:00:00 AM CEST,52.00,355000.00,7.16,95.00,43.20
16-Apr-19 7:15:00 AM CEST,52.00,359500.00,7.05,96.00,44.40
16-Apr-19 7:30:00 AM CEST,52.00,356300.00,7.16,95.00,43.30
16-Apr-19 7:45:00 AM CEST,52.00,347600.00,7.14,94.00,42.40
16-Apr-19 8:00:00 AM CEST,52.00,353100.00,6.83,97.00,45.00
16-Apr-19 8:15:00 AM CEST,53.00,383100.00,7.44,98.00,44.80
16-Apr-19 8:30:00 AM CEST,52.00,362100.00,7.04,97.00,44.80
16-Apr-19 8:45:00 AM CEST,52.00,333000.00,6.55,97.00,44.20
16-Apr-19 9:00:00 AM CEST,52.00,304500.00,5.92,97.00,44.80
16-Apr-19 9:15:00 AM CEST,52.00,310700.00,6.10,96.00,44.30
16-Apr-19 9:30:00 AM CEST,52.00,307500.00,6.03,96.00,44.40
16-Apr-19 9:45:00 AM CEST,52.00,301200.00,5.93,96.00,44.20
16-Apr-19 10:00:00 AM CEST,52.00,284000.00,5.58,97.00,44.30
16-Apr-19 10:15:00 AM CEST,52.00,255400.00,4.99,96.00,44.50
16-Apr-19 10:30:00 AM CEST,51.00,323100.00,6.32,95.00,44.50
16-Apr-19 10:45:00 AM CEST,53.00,256700.00,5.27,95.00,42.40
16-Apr-19 11:00:00 AM CEST,53.00,229000.00,4.91,93.00,40.60
16-Apr-19 11:15:00 AM CEST,51.00,233900.00,4.86,93.00,41.80
16-Apr-19 11:30:00 AM CEST,52.00,218000.00,4.55,94.00,41.80
16-Apr-19 11:45:00 AM CEST,51.00,230300.00,4.79,93.00,41.90
16-Apr-19 12:00:00 PM CEST,52.00,232600.00,4.85,94.00,41.70
16-Apr-19 12:15:00 PM CEST,51.00,205600.00,4.20,94.00,42.60
16-Apr-19 12:30:00 PM CEST,52.00,216500.00,4.42,95.00,42.60
16-Apr-19 12:45:00 PM CEST,52.00,214100.00,4.36,95.00,42.70
16-Apr-19 1:00:00 PM CEST,53.00,173700.00,3.63,94.00,41.60
16-Apr-19 1:15:00 PM CEST,56.00,263400.00,5.95,95.00,38.60
16-Apr-19 1:30:00 PM CEST,56.00,89100.00,2.06,93.00,37.80
16-Apr-19 1:45:00 PM CEST,59.00,113500.00,2.87,93.00,34.60
16-Apr-19 2:00:00 PM CEST,56.00,320700.00,7.48,94.00,37.40
16-Apr-19 2:15:00 PM CEST,56.00,361200.00,8.38,94.00,37.60
16-Apr-19 2:30:00 PM CEST,56.00,303500.00,7.10,94.00,37.30
16-Apr-19 2:45:00 PM CEST,56.00,242700.00,5.62,94.00,37.70
16-Apr-19 3:00:00 PM CEST,54.00,144200.00,3.09,95.00,40.70
16-Apr-19 3:15:00 PM CEST,55.00,200500.00,4.62,93.00,37.90
16-Apr-19 3:30:00 PM CEST,57.00,72400.00,1.74,94.00,36.20
16-Apr-19 3:45:00 PM CEST,54.00,96000.00,2.13,93.00,39.30
16-Apr-19 4:00:00 PM CEST,61.00,3800.00,0.10,93.00,32.10
16-Apr-19 4:15:00 PM CEST,61.00,4100.00,0.12,92.00,31.00
16-Apr-19 4:30:00 PM CEST,62.00,101800.00,2.90,92.00,30.70
16-Apr-19 4:45:00 PM CEST,62.00,4100.00,0.12,92.00,30.40
16-Apr-19 5:00:00 PM CEST,62.00,4100.00,0.12,92.00,30.40
16-Apr-19 5:15:00 PM CEST,56.00,123500.00,2.94,92.00,36.70
16-Apr-19 5:30:00 PM CEST,61.00,3500.00,0.10,92.00,31.20
16-Apr-19 5:45:00 PM CEST,63.00,3800.00,0.11,93.00,30.10
16-Apr-19 6:00:00 PM CEST,62.00,101100.00,2.85,93.00,31.00
16-Apr-19 6:15:00 PM CEST,63.00,53900.00,1.57,93.00,30.00
16-Apr-19 6:30:00 PM CEST,64.00,3100.00,0.09,93.00,29.50
16-Apr-19 6:45:00 PM CEST,61.00,143400.00,3.93,93.00,31.90
16-Apr-19 7:00:00 PM CEST,64.00,3800.00,0.11,94.00,29.80
16-Apr-19 7:15:00 PM CEST,64.00,30600.00,0.90,94.00,29.80
16-Apr-19 7:30:00 PM CEST,62.00,4200.00,0.11,94.00,32.20
16-Apr-19 7:45:00 PM CEST,62.00,80700.00,2.23,94.00,31.70
16-Apr-19 8:00:00 PM CEST,62.00,3500.00,0.10,94.00,31.60
16-Apr-19 8:15:00 PM CEST,64.00,3500.00,0.10,94.00,29.90
16-Apr-19 8:30:00 PM CEST,64.00,3700.00,0.10,95.00,31.00
16-Apr-19 8:45:00 PM CEST,64.00,3900.00,0.11,95.00,31.80
16-Apr-19 9:00:00 PM CEST,55.00,4400.00,0.09,96.00,40.70
16-Apr-19 9:15:00 PM CEST,58.00,158500.00,3.70,95.00,37.40
16-Apr-19 9:30:00 PM CEST,57.00,230300.00,5.21,96.00,38.60
16-Apr-19 9:45:00 PM CEST,64.00,150200.00,4.19,95.00,31.40
16-Apr-19 10:00:00 PM CEST,60.00,12200.00,0.30,95.00,35.00
16-Apr-19 10:15:00 PM CEST,64.00,106000.00,3.07,95.00,30.20
16-Apr-19 10:30:00 PM CEST,64.00,106000.00,3.07,95.00,30.20
16-Apr-19 10:45:00 PM CEST,63.00,84600.00,2.37,94.00,31.20
16-Apr-19 11:00:00 PM CEST,70.00,122300.00,4.59,94.00,23.40
16-Apr-19 11:15:00 PM CEST,75.00,80800.00,3.94,93.00,18.10
16-Apr-19 11:30:00 PM CEST,56.00,214200.00,4.95,94.00,37.70
16-Apr-19 11:45:00 PM CEST,46.00,414300.00,7.54,94.00,47.70
17-Apr-19 12:00:00 AM CEST,46.00,257500.00,4.69,94.00,47.70
17-Apr-19 12:15:00 AM CEST,47.00,243500.00,4.51,94.00,46.90
17-Apr-19 12:30:00 AM CEST,48.00,202200.00,3.91,93.00,44.90
17-Apr-19 12:45:00 AM CEST,49.00,197300.00,3.88,93.00,44.20
17-Apr-19 1:00:00 AM CEST,52.00,226900.00,4.87,93.00,40.60
17-Apr-19 1:15:00 AM CEST,52.00,293600.00,6.23,93.00,41.00
17-Apr-19 1:30:00 AM CEST,52.00,287200.00,6.11,93.00,40.90
17-Apr-19 1:45:00 AM CEST,51.00,134700.00,2.77,93.00,42.30
17-Apr-19 2:00:00 AM CEST,50.00,163000.00,3.27,93.00,43.30
17-Apr-19 2:15:00 AM CEST,48.00,264100.00,5.08,93.00,45.20
17-Apr-19 2:30:00 AM CEST,51.00,132000.00,2.64,94.00,43.60
17-Apr-19 2:45:00 AM CEST,51.00,292900.00,5.78,95.00,44.10
17-Apr-19 3:00:00 AM CEST,50.00,145000.00,2.81,95.00,44.90
17-Apr-19 3:15:00 AM CEST,50.00,315100.00,6.10,95.00,44.90
17-Apr-19 3:30:00 AM CEST,50.00,237500.00,4.55,95.00,45.30
17-Apr-19 3:45:00 AM CEST,50.00,237500.00,4.55,95.00,45.30
17-Apr-19 4:00:00 AM CEST,50.00,129400.00,2.50,95.00,45.00
17-Apr-19 4:15:00 AM CEST,50.00,175600.00,3.39,95.00,45.00
17-Apr-19 4:30:00 AM CEST,51.00,291700.00,5.67,95.00,44.70
17-Apr-19 4:45:00 AM CEST,50.00,202800.00,3.90,95.00,45.20
17-Apr-19 5:00:00 AM CEST,50.00,211800.00,4.06,95.00,45.30
17-Apr-19 5:15:00 AM CEST,49.00,222400.00,4.18,95.00,46.30
17-Apr-19 5:30:00 AM CEST,49.00,287000.00,5.45,95.00,45.80
17-Apr-19 5:45:00 AM CEST,49.00,270800.00,5.26,94.00,44.80
17-Apr-19 6:00:00 AM CEST,50.00,316300.00,6.36,94.00,43.30
17-Apr-19 6:15:00 AM CEST,51.00,308800.00,5.85,97.00,45.90
17-Apr-19 6:30:00 AM CEST,51.00,277600.00,5.31,97.00,45.50
17-Apr-19 6:45:00 AM CEST,52.00,286300.00,5.57,96.00,44.70
17-Apr-19 7:00:00 AM CEST,53.00,338100.00,6.94,95.00,42.40
17-Apr-19 7:15:00 AM CEST,53.00,280900.00,5.83,95.00,42.00
17-Apr-19 7:30:00 AM CEST,52.00,303100.00,5.92,96.00,44.60
17-Apr-19 7:45:00 AM CEST,52.00,300000.00,6.14,94.00,42.50
17-Apr-19 8:00:00 AM CEST,52.00,302900.00,6.12,95.00,43.10
17-Apr-19 8:15:00 AM CEST,52.00,287600.00,5.75,96.00,43.50
17-Apr-19 8:30:00 AM CEST,52.00,269100.00,5.42,95.00,43.20
17-Apr-19 8:45:00 AM CEST,52.00,282600.00,5.70,95.00,43.10
17-Apr-19 9:00:00 AM CEST,51.00,361100.00,7.00,96.00,44.90
17-Apr-19 9:15:00 AM CEST,51.00,361100.00,7.00,96.00,44.90
17-Apr-19 9:30:00 AM CEST,53.00,248400.00,4.78,98.00,45.20
17-Apr-19 9:45:00 AM CEST,51.00,258000.00,4.98,97.00,45.10
17-Apr-19 10:00:00 AM CEST,52.00,279800.00,5.64,95.00,43.20
17-Apr-19 10:15:00 AM CEST,52.00,233100.00,4.72,95.00,43.00
17-Apr-19 10:30:00 AM CEST,52.00,253800.00,5.16,95.00,42.80
17-Apr-19 10:45:00 AM CEST,53.00,211700.00,4.46,94.00,41.30
17-Apr-19 11:00:00 AM CEST,52.00,245500.00,5.14,94.00,41.60
17-Apr-19 11:15:00 AM CEST,53.00,200700.00,4.28,94.00,40.90
17-Apr-19 11:30:00 AM CEST,52.00,219800.00,4.55,94.00,42.10
17-Apr-19 11:45:00 AM CEST,53.00,214800.00,4.54,94.00,41.20
17-Apr-19 12:00:00 PM CEST,53.00,189800.00,4.02,94.00,41.10
17-Apr-19 12:15:00 PM CEST,56.00,256500.00,5.85,95.00,38.20
17-Apr-19 12:30:00 PM CEST,54.00,208200.00,4.46,95.00,40.70
17-Apr-19 12:45:00 PM CEST,59.00,176600.00,4.25,95.00,36.30
17-Apr-19 1:00:00 PM CEST,57.00,80700.00,1.98,93.00,35.60
17-Apr-19 1:15:00 PM CEST,55.00,320700.00,7.13,94.00,39.20
17-Apr-19 1:30:00 PM CEST,56.00,12300.00,0.28,96.00,39.00
17-Apr-19 1:45:00 PM CEST,56.00,43400.00,0.96,96.00,39.50
17-Apr-19 2:00:00 PM CEST,54.00,124200.00,2.68,94.00,40.30
17-Apr-19 2:15:00 PM CEST,54.00,4800.00,0.11,93.00,38.20
17-Apr-19 2:30:00 PM CEST,58.00,4300.00,0.11,93.00,34.20
17-Apr-19 2:45:00 PM CEST,58.00,4300.00,0.11,93.00,34.20
17-Apr-19 3:00:00 PM CEST,61.00,3700.00,0.10,93.00,32.10
17-Apr-19 3:15:00 PM CEST,59.00,160600.00,4.30,92.00,32.60
17-Apr-19 3:30:00 PM CEST,64.00,3300.00,0.10,93.00,29.30
17-Apr-19 3:45:00 PM CEST,64.00,3500.00,0.11,93.00,28.60
17-Apr-19 4:00:00 PM CEST,58.00,95000.00,2.34,93.00,35.40
17-Apr-19 4:15:00 PM CEST,63.00,3900.00,0.11,94.00,30.90
17-Apr-19 4:30:00 PM CEST,63.00,4200.00,0.11,95.00,32.00
17-Apr-19 4:45:00 PM CEST,63.00,4300.00,0.12,95.00,32.50
17-Apr-19 5:00:00 PM CEST,62.00,3500.00,0.09,95.00,33.20
17-Apr-19 5:15:00 PM CEST,63.00,3500.00,0.10,95.00,32.00
17-Apr-19 5:30:00 PM CEST,63.00,4300.00,0.12,94.00,31.10
17-Apr-19 5:45:00 PM CEST,63.00,3400.00,0.10,94.00,30.40
17-Apr-19 6:00:00 PM CEST,63.00,3400.00,0.10,94.00,30.90
17-Apr-19 6:15:00 PM CEST,63.00,8800.00,0.25,94.00,30.90
17-Apr-19 6:30:00 PM CEST,63.00,3800.00,0.11,93.00,29.70
17-Apr-19 6:45:00 PM CEST,64.00,89900.00,2.63,93.00,29.90
17-Apr-19 7:00:00 PM CEST,63.00,8400.00,0.24,94.00,30.50
17-Apr-19 7:15:00 PM CEST,64.00,3200.00,0.09,94.00,30.40
17-Apr-19 7:30:00 PM CEST,64.00,3600.00,0.11,92.00,28.90
17-Apr-19 7:45:00 PM CEST,58.00,82200.00,2.08,92.00,34.60
17-Apr-19 8:00:00 PM CEST,64.00,3200.00,0.10,93.00,28.80
17-Apr-19 8:15:00 PM CEST,64.00,3200.00,0.10,93.00,28.80
17-Apr-19 8:30:00 PM CEST,64.00,85700.00,2.53,93.00,29.70
17-Apr-19 8:45:00 PM CEST,64.00,3200.00,0.09,94.00,29.80
17-Apr-19 9:00:00 PM CEST,64.00,3300.00,0.10,93.00,29.30
17-Apr-19 9:15:00 PM CEST,64.00,17400.00,0.52,93.00,29.40
17-Apr-19 9:30:00 PM CEST,63.00,3600.00,0.10,94.00,30.40
17-Apr-19 9:45:00 PM CEST,64.00,3400.00,0.10,94.00,30.10
17-Apr-19 10:00:00 PM CEST,60.00,4100.00,0.11,94.00,34.30
17-Apr-19 10:15:00 PM CEST,56.00,5600.00,0.13,94.00,37.30
17-Apr-19 10:30:00 PM CEST,59.00,184800.00,4.73,93.00,34.10
17-Apr-19 10:45:00 PM CEST,48.00,127000.00,2.43,93.00,45.40
17-Apr-19 11:00:00 PM CEST,52.00,85600.00,1.74,95.00,42.90
17-Apr-19 11:15:00 PM CEST,58.00,195000.00,4.87,93.00,34.90
17-Apr-19 11:30:00 PM CEST,62.00,83600.00,2.49,92.00,29.40
17-Apr-19 11:45:00 PM CEST,60.00,3700.00,0.10,92.00,31.90
18-Apr-19 12:00:00 AM CEST,53.00,233700.00,5.34,91.00,38.10
18-Apr-19 12:15:00 AM CEST,68.00,63500.00,2.50,91.00,22.30
18-Apr-19 12:30:00 AM CEST,67.00,48500.00,1.89,90.00,22.50
18-Apr-19 12:45:00 AM CEST,67.00,66800.00,2.70,89.00,21.60
18-Apr-19 1:00:00 AM CEST,69.00,62800.00,2.86,89.00,19.30
18-Apr-19 1:15:00 AM CEST,73.00,43700.00,2.45,89.00,15.70
18-Apr-19 1:30:00 AM CEST,73.00,43700.00,2.45,89.00,15.70
18-Apr-19 1:45:00 AM CEST,54.00,186500.00,4.65,88.00,34.90
18-Apr-19 2:00:00 AM CEST,43.00,333200.00,6.34,89.00,45.60
18-Apr-19 2:15:00 AM CEST,45.00,254700.00,5.08,89.00,43.50
18-Apr-19 2:30:00 AM CEST,47.00,218800.00,4.62,89.00,41.20
18-Apr-19 2:45:00 AM CEST,51.00,210700.00,4.83,89.00,38.00
18-Apr-19 3:00:00 AM CEST,50.00,187300.00,4.14,89.00,39.40
18-Apr-19 3:15:00 AM CEST,50.00,121100.00,2.69,89.00,39.20
18-Apr-19 3:30:00 AM CEST,49.00,117400.00,2.51,90.00,40.70
18-Apr-19 3:45:00 AM CEST,50.00,131600.00,2.85,90.00,40.20
18-Apr-19 4:00:00 AM CEST,51.00,271300.00,5.89,91.00,40.00
18-Apr-19 4:15:00 AM CEST,50.00,276700.00,5.89,91.00,40.90
18-Apr-19 4:30:00 AM CEST,51.00,239100.00,5.10,91.00,40.80
18-Apr-19 4:45:00 AM CEST,50.00,254900.00,5.31,91.00,41.80
18-Apr-19 5:00:00 AM CEST,54.00,327100.00,7.61,92.00,37.40
18-Apr-19 5:15:00 AM CEST,52.00,306800.00,6.71,92.00,39.80
18-Apr-19 5:30:00 AM CEST,52.00,143200.00,3.10,92.00,40.20
18-Apr-19 5:45:00 AM CEST,50.00,270600.00,5.53,92.00,42.50
18-Apr-19 6:00:00 AM CEST,50.00,276500.00,5.58,93.00,43.10
18-Apr-19 6:15:00 AM CEST,51.00,261700.00,5.34,93.00,42.60
18-Apr-19 6:30:00 AM CEST,51.00,266200.00,5.50,93.00,42.10
18-Apr-19 6:45:00 AM CEST,52.00,259500.00,5.53,93.00,40.80
18-Apr-19 7:00:00 AM CEST,52.00,259500.00,5.53,93.00,40.80
18-Apr-19 7:15:00 AM CEST,52.00,250700.00,5.42,92.00,40.30
18-Apr-19 7:30:00 AM CEST,53.00,326300.00,7.25,92.00,39.20
18-Apr-19 7:45:00 AM CEST,53.00,228400.00,4.97,93.00,40.00
18-Apr-19 8:00:00 AM CEST,53.00,215300.00,4.85,92.00,38.60
18-Apr-19 8:15:00 AM CEST,52.00,227200.00,5.09,91.00,38.90
18-Apr-19 8:30:00 AM CEST,52.00,220900.00,5.01,90.00,38.40
18-Apr-19 8:45:00 AM CEST,52.00,249400.00,5.69,90.00,38.20
18-Apr-19 9:00:00 AM CEST,52.00,220100.00,4.93,91.00,38.90
18-Apr-19 9:15:00 AM CEST,53.00,236100.00,5.49,90.00,37.40
18-Apr-19 9:30:00 AM CEST,53.00,239100.00,5.41,91.00,38.50
18-Apr-19 9:45:00 AM CEST,54.00,192400.00,4.41,92.00,38.00
18-Apr-19 10:00:00 AM CEST,53.00,168200.00,3.74,92.00,39.20
18-Apr-19 10:15:00 AM CEST,52.00,181000.00,3.91,92.00,40.30
18-Apr-19 10:30:00 AM CEST,52.00,183700.00,3.90,93.00,41.00
18-Apr-19 10:45:00 AM CEST,59.00,168800.00,4.24,94.00,34.80
18-Apr-19 11:00:00 AM CEST,58.00,221200.00,5.27,95.00,36.70
18-Apr-19 11:15:00 AM CEST,54.00,127800.00,2.71,95.00,41.00
18-Apr-19 11:30:00 AM CEST,55.00,132900.00,2.82,96.00,41.00
18-Apr-19 11:45:00 AM CEST,60.00,4800.00,0.12,96.00,35.80
18-Apr-19 12:00:00 PM CEST,54.00,154600.00,3.16,96.00,42.60
18-Apr-19 12:15:00 PM CEST,62.00,9200.00,0.23,97.00,34.30
18-Apr-19 12:30:00 PM CEST,62.00,9200.00,0.23,97.00,34.30
18-Apr-19 12:45:00 PM CEST,64.00,80000.00,2.11,97.00,33.10
18-Apr-19 1:00:00 PM CEST,63.00,3600.00,0.09,97.00,33.90
18-Apr-19 1:15:00 PM CEST,64.00,3800.00,0.11,96.00,31.60
18-Apr-19 1:30:00 PM CEST,63.00,3400.00,0.09,95.00,31.70
18-Apr-19 1:45:00 PM CEST,63.00,3700.00,0.10,95.00,31.80
18-Apr-19 2:00:00 PM CEST,63.00,4000.00,0.11,95.00,31.50
18-Apr-19 2:15:00 PM CEST,59.00,116400.00,2.76,95.00,36.80
18-Apr-19 2:30:00 PM CEST,63.00,4500.00,0.12,97.00,33.80
18-Apr-19 2:45:00 PM CEST,63.00,4000.00,0.10,96.00,33.50
18-Apr-19 3:00:00 PM CEST,63.00,49400.00,1.33,95.00,32.50
18-Apr-19 3:15:00 PM CEST,62.00,74200.00,1.98,95.00,32.80
18-Apr-19 3:30:00 PM CEST,63.00,78100.00,2.07,96.00,32.90
18-Apr-19 3:45:00 PM CEST,63.00,3900.00,0.10,96.00,33.60
18-Apr-19 4:00:00 PM CEST,63.00,3900.00,0.10,97.00,34.00
18-Apr-19 4:15:00 PM CEST,62.00,90800.00,2.26,97.00,35.10
18-Apr-19 4:30:00 PM CEST,63.00,4100.00,0.11,97.00,33.80
18-Apr-19 4:45:00 PM CEST,63.00,3900.00,0.10,96.00,32.90
18-Apr-19 5:00:00 PM CEST,64.00,3700.00,0.10,95.00,31.70
18-Apr-19 5:15:00 PM CEST,64.00,80700.00,2.29,94.00,30.80
18-Apr-19 5:30:00 PM CEST,64.00,81800.00,2.41,94.00,29.80
18-Apr-19 5:45:00 PM CEST,64.00,3400.00,0.10,93.00,29.80
18-Apr-19 6:00:00 PM CEST,64.00,3400.00,0.10,93.00,29.80
18-Apr-19 6:15:00 PM CEST,63.00,3100.00,0.09,93.00,29.30
18-Apr-19 6:30:00 PM CEST,64.00,3400.00,0.11,92.00,28.30
18-Apr-19 6:45:00 PM CEST,64.00,3400.00,0.11,93.00,28.30
18-Apr-19 7:00:00 PM CEST,63.00,77100.00,2.11,95.00,32.00
18-Apr-19 7:15:00 PM CEST,63.00,4100.00,0.11,97.00,33.30
18-Apr-19 7:30:00 PM CEST,63.00,86100.00,2.22,97.00,33.90
18-Apr-19 7:45:00 PM CEST,63.00,4400.00,0.11,98.00,34.90
18-Apr-19 8:00:00 PM CEST,63.00,10600.00,0.26,99.00,35.50
18-Apr-19 8:15:00 PM CEST,63.00,68800.00,1.77,97.00,34.10
18-Apr-19 8:30:00 PM CEST,59.00,126600.00,3.18,94.00,34.80
18-Apr-19 8:45:00 PM CEST,65.00,70200.00,2.25,92.00,27.20
18-Apr-19 9:00:00 PM CEST,64.00,63900.00,2.06,91.00,27.20
18-Apr-19 9:15:00 PM CEST,64.00,68400.00,2.28,90.00,26.20
18-Apr-19 9:30:00 PM CEST,64.00,54300.00,1.85,89.00,25.70
18-Apr-19 9:45:00 PM CEST,64.00,3200.00,0.11,89.00,25.30
18-Apr-19 10:00:00 PM CEST,64.00,3500.00,0.12,91.00,26.50
18-Apr-19 10:15:00 PM CEST,64.00,3400.00,0.11,92.00,27.70
18-Apr-19 10:30:00 PM CEST,64.00,41500.00,1.28,92.00,28.40
18-Apr-19 10:45:00 PM CEST,62.00,84800.00,2.43,93.00,30.50
18-Apr-19 11:00:00 PM CEST,64.00,3300.00,0.10,92.00,28.80
18-Apr-19 11:15:00 PM CEST,64.00,3300.00,0.10,92.00,28.80
18-Apr-19 11:30:00 PM CEST,64.00,3000.00,0.09,92.00,28.50
18-Apr-19 11:45:00 PM CEST,61.00,95100.00,2.72,92.00,30.60
19-Apr-19 12:00:00 AM CEST,58.00,4300.00,0.11,92.00,33.20
19-Apr-19 12:15:00 AM CEST,60.00,159100.00,4.39,91.00,31.70
19-Apr-19 12:30:00 AM CEST,60.00,221600.00,5.88,92.00,32.90
19-Apr-19 12:45:00 AM CEST,55.00,175700.00,4.03,93.00,38.00
19-Apr-19 1:00:00 AM CEST,58.00,55800.00,1.39,93.00,35.00
19-Apr-19 1:15:00 AM CEST,58.00,4400.00,0.11,93.00,34.90
19-Apr-19 1:30:00 AM CEST,60.00,125500.00,3.43,92.00,32.00
19-Apr-19 1:45:00 AM CEST,61.00,124700.00,3.68,90.00,29.60
19-Apr-19 2:00:00 AM CEST,62.00,164300.00,5.21,89.00,27.60
19-Apr-19 2:15:00 AM CEST,62.00,206700.00,6.84,89.00,26.40
19-Apr-19 2:30:00 AM CEST,63.00,225200.00,7.67,88.00,25.70
19-Apr-19 2:45:00 AM CEST,69.00,71000.00,3.26,88.00,19.10
19-Apr-19 3:00:00 AM CEST,69.00,90600.00,4.20,88.00,18.90
19-Apr-19 3:15:00 AM CEST,66.00,67700.00,2.92,87.00,20.30
19-Apr-19 3:30:00 AM CEST,62.00,52500.00,1.90,87.00,24.20
19-Apr-19 3:45:00 AM CEST,60.00,8300.00,0.27,86.00,26.80
19-Apr-19 4:00:00 AM CEST,59.00,3300.00,0.11,86.00,27.30
19-Apr-19 4:15:00 AM CEST,59.00,3700.00,0.12,86.00,27.60
19-Apr-19 4:30:00 AM CEST,59.00,4200.00,0.14,87.00,27.40
19-Apr-19 4:45:00 AM CEST,59.00,4200.00,0.14,87.00,27.40
19-Apr-19 5:00:00 AM CEST,59.00,142600.00,4.70,86.00,26.50
19-Apr-19 5:15:00 AM CEST,57.00,247900.00,7.66,85.00,28.30
19-Apr-19 5:30:00 AM CEST,54.00,154900.00,4.29,85.00,31.50
19-Apr-19 5:45:00 AM CEST,48.00,375300.00,8.48,87.00,38.50
19-Apr-19 6:00:00 AM CEST,46.00,406300.00,8.48,88.00,41.60
19-Apr-19 6:15:00 AM CEST,49.00,291700.00,6.33,89.00,40.10
19-Apr-19 6:30:00 AM CEST,50.00,211400.00,4.76,89.00,38.60
19-Apr-19 6:45:00 AM CEST,51.00,204800.00,4.69,89.00,38.00
19-Apr-19 7:00:00 AM CEST,52.00,200300.00,4.58,90.00,38.10
19-Apr-19 7:15:00 AM CEST,51.00,198700.00,4.57,89.00,37.90
19-Apr-19 7:30:00 AM CEST,52.00,193500.00,4.44,90.00,38.00
19-Apr-19 7:45:00 AM CEST,53.00,232800.00,5.52,89.00,36.80
19-Apr-19 8:00:00 AM CEST,52.00,174200.00,4.36,87.00,34.80
19-Apr-19 8:15:00 AM CEST,51.00,182400.00,4.35,88.00,36.50
19-Apr-19 8:30:00 AM CEST,51.00,184100.00,4.40,88.00,36.50
19-Apr-19 8:45:00 AM CEST,51.00,179500.00,4.39,87.00,35.60
19-Apr-19 9:00:00 AM CEST,51.00,198400.00,5.06,85.00,34.20
19-Apr-19 9:15:00 AM CEST,52.00,173500.00,4.57,85.00,33.10
19-Apr-19 9:30:00 AM CEST,52.00,169200.00,4.46,85.00,33.00
19-Apr-19 9:45:00 AM CEST,52.00,165000.00,4.34,85.00,33.10
19-Apr-19 10:00:00 AM CEST,52.00,151100.00,4.07,85.00,32.30
19-Apr-19 10:15:00 AM CEST,55.00,121800.00,3.67,84.00,29.00
19-Apr-19 10:30:00 AM CEST,54.00,131900.00,3.87,83.00,29.70
19-Apr-19 10:45:00 AM CEST,54.00,107100.00,3.18,84.00,29.30
19-Apr-19 11:00:00 AM CEST,54.00,127300.00,3.77,84.00,29.40
19-Apr-19 11:15:00 AM CEST,55.00,72100.00,2.22,83.00,28.20
19-Apr-19 11:30:00 AM CEST,56.00,70100.00,2.24,83.00,27.40
19-Apr-19 11:45:00 AM CEST,64.00,40800.00,1.82,83.00,19.60
19-Apr-19 12:00:00 PM CEST,61.00,2400.00,0.09,83.00,22.50
19-Apr-19 12:15:00 PM CEST,62.00,76000.00,3.18,83.00,20.90
19-Apr-19 12:30:00 PM CEST,63.00,67800.00,2.92,83.00,20.30
19-Apr-19 12:45:00 PM CEST,58.00,103600.00,3.65,83.00,24.80
19-Apr-19 1:00:00 PM CEST,64.00,1900.00,0.09,83.00,18.40
19-Apr-19 1:15:00 PM CEST,63.00,62200.00,2.71,83.00,20.10
19-Apr-19 1:30:00 PM CEST,64.00,1800.00,0.08,83.00,19.00
19-Apr-19 1:45:00 PM CEST,64.00,41800.00,1.94,83.00,18.80
19-Apr-19 2:00:00 PM CEST,65.00,1800.00,0.09,83.00,18.10
19-Apr-19 2:15:00 PM CEST,64.00,19000.00,0.89,83.00,18.80
19-Apr-19 2:30:00 PM CEST,63.00,45100.00,1.96,83.00,20.10
19-Apr-19 2:45:00 PM CEST,61.00,75300.00,2.98,83.00,22.10
19-Apr-19 3:00:00 PM CEST,64.00,2100.00,0.09,84.00,19.30
19-Apr-19 3:15:00 PM CEST,64.00,41000.00,1.77,84.00,20.30
19-Apr-19 3:30:00 PM CEST,64.00,61300.00,2.58,85.00,20.80
19-Apr-19 3:45:00 PM CEST,65.00,1900.00,0.08,85.00,20.40
19-Apr-19 4:00:00 PM CEST,64.00,60000.00,2.45,86.00,21.40
19-Apr-19 4:15:00 PM CEST,64.00,2600.00,0.11,86.00,21.90
19-Apr-19 4:30:00 PM CEST,63.00,64800.00,2.39,87.00,23.70
19-Apr-19 4:45:00 PM CEST,64.00,2500.00,0.10,87.00,22.70
19-Apr-19 5:00:00 PM CEST,64.00,65700.00,2.50,88.00,23.00
19-Apr-19 5:15:00 PM CEST,64.00,2700.00,0.10,88.00,24.00
19-Apr-19 5:30:00 PM CEST,64.00,2700.00,0.10,89.00,24.50
19-Apr-19 5:45:00 PM CEST,64.00,57100.00,1.99,89.00,25.10
19-Apr-19 6:00:00 PM CEST,64.00,2500.00,0.08,90.00,25.80
19-Apr-19 6:15:00 PM CEST,64.00,2300.00,0.08,90.00,26.50
19-Apr-19 6:30:00 PM CEST,56.00,83800.00,2.10,91.00,34.90
19-Apr-19 6:45:00 PM CEST,65.00,78700.00,2.63,92.00,26.20
19-Apr-19 7:00:00 PM CEST,64.00,2600.00,0.08,93.00,28.70
19-Apr-19 7:15:00 PM CEST,64.00,2900.00,0.09,93.00,29.50
19-Apr-19 7:30:00 PM CEST,63.00,3300.00,0.10,93.00,29.90
19-Apr-19 7:45:00 PM CEST,63.00,72800.00,2.24,92.00,28.50
19-Apr-19 8:00:00 PM CEST,64.00,60100.00,2.12,89.00,24.90
19-Apr-19 8:15:00 PM CEST,64.00,2400.00,0.09,86.00,22.00
19-Apr-19 8:30:00 PM CEST,58.00,70000.00,2.33,84.00,26.30
19-Apr-19 8:45:00 PM CEST,63.00,6200.00,0.26,83.00,20.60
19-Apr-19 9:00:00 PM CEST,65.00,1900.00,0.09,84.00,18.60
19-Apr-19 9:15:00 PM CEST,65.00,2300.00,0.11,84.00,19.00
19-Apr-19 9:30:00 PM CEST,65.00,2000.00,0.09,85.00,19.70
19-Apr-19 9:45:00 PM CEST,65.00,2100.00,0.09,86.00,20.60
19-Apr-19 10:00:00 PM CEST,65.00,2300.00,0.09,87.00,21.70
19-Apr-19 10:15:00 PM CEST,64.00,2400.00,0.09,87.00,23.50
19-Apr-19 10:30:00 PM CEST,64.00,52800.00,1.95,88.00,23.70
19-Apr-19 10:45:00 PM CEST,56.00,89500.00,2.44,88.00,32.00
19-Apr-19 11:00:00 PM CEST,61.00,97900.00,3.10,88.00,27.60
19-Apr-19 11:15:00 PM CEST,58.00,2900.00,0.08,88.00,30.10
19-Apr-19 11:30:00 PM CEST,48.00,126100.00,2.77,88.00,39.60
19-Apr-19 11:45:00 PM CEST,51.00,107800.00,2.51,88.00,37.40
20-Apr-19 12:00:00 AM CEST,53.00,83500.00,2.11,88.00,34.50
20-Apr-19 12:15:00 AM CEST,58.00,96400.00,2.86,87.00,29.40
20-Apr-19 12:30:00 AM CEST,55.00,37800.00,1.05,87.00,31.40
20-Apr-19 12:45:00 AM CEST,60.00,139200.00,4.68,86.00,26.00
20-Apr-19 1:00:00 AM CEST,62.00,70800.00,2.73,84.00,22.70
20-Apr-19 1:15:00 AM CEST,59.00,7200.00,0.26,83.00,24.40
20-Apr-19 1:30:00 AM CEST,58.00,2500.00,0.09,82.00,23.90
20-Apr-19 1:45:00 AM CEST,62.00,18300.00,0.82,82.00,19.50
20-Apr-19 2:00:00 AM CEST,55.00,192500.00,6.60,80.00,25.40
